STT,Mã số,Tên thực phẩm (VN),Tên tiếng Anh (EN),Nước (g),Năng lượng (Kcal),Protein (g),Glucid (g),Celluloza (g),Tro (g),Calci (mg),Sắt (mg),Lipid (mg),Magiê (mg),Mangan (mg),Phospho (mg),Kali (mg),Natri (mg),Kẽm (mg),Đồng (μg),Selen (μg)
1,1001,Gạo nếp cái,"Glutinous rice, milled",14.0,344,8.6,74.5,0.6,0.8,32,1.20,1.5,17,1.100,98,282,3,2.20,280,-
2,1002,Gạo nếp máy,"Glutinous rice, milled",13.9,346,8.4,74.9,0.5,0.7,16,1.20,1.6,,1.100,130,282,3,2.20,280,15.1
3,1003,Gạo tẻ giã,"Under milled, home-pounded rice",14.0,344,8.1,75.0,0.7,0.9,36,0.20,1.3,,1.500,108,202,5,1.90,360,38.8
4,1004,Gạo tẻ máy,Ordinary polished rice,14.0,344,7.9,75.9,0.4,0.8,30,1.30,1.0,,0.900,104,241,5,1.50,230,31.8
5,1005,Gạo lứt,"Rice, brown or hulled",12.4,345,7.5,72.8,3.4,1.3,16,2.80,2.7,,1.500,246,202,5,1.90,360,38.8
6,1006,Kê,Foxtail millet,14.0,331,7.0,69.0,3.4,3.6,22,2.70,3.0,,1.700,290,249,7,1.50,440,2.7
7,1007,Ngô bắp tươi,"Fresh maize seeds, raw",52.0,196,4.1,39.6,1.2,0.8,4,0.60,2.3,,0.350,170,306,3,1.40,240,4
8,1008,Ngô vàng hạt khô,"Yellow maize, dried seeds",14.0,354,8.6,69.4,2.0,1.3,30,2.30,4.7,,0.490,190,287,35,2.21,314,15.5
9,1009,Bánh bao nhân thịt,"Ball shaped dumpling, Vietnamese steamed buns",44.0,219,6.1,47.5,0.5,1.4,19,1.50,0.5,,-,88,-,-,-,-,-
10,1010,Bánh đa nem,Rice paper for rollers,15.0,333,4.0,78.9,0.5,1.4,20,0.30,0.2,,-,65,-,-,-,-,-
11,1011,Bánh đúc,Rice pudding,86.8,52,0.9,11.3,0.1,0.6,50,0.40,0.3,,-,19,-,-,-,-,-
12,1012,Bánh mỳ,French bread,37.2,249,7.9,52.6,0.2,1.3,28,2.00,0.8,,-,164,-,-,-,-,-
13,1013,Bánh phở,Rice noodles,64.3,143,3.2,31.7,0.0,0.4,16,0.30,0.4,,-,64,15,3,-,-,-
14,1014,Bánh quẩy,Wheat fritters twisted fried,38.7,292,8.0,40.7,0.7,1.1,-,-,10.8,,-,-,-,-,-,-,-
15,1015,Bỏng ngô,Corn flakes,3.0,372,8.6,80.8,3.4,2.6,3,0.60,1.6,,-,47,-,-,-,-,-
16,1016,Bột gạo nếp,Glutinous rice flour,10.0,362,8.2,78.8,0.6,0.8,12,0.80,1.6,,1.140,148,293,3,2.29,291,15.7
17,1017,Bột gạo tẻ,Rice ordinary flour,10.0,359,6.6,82.2,0.4,0.4,24,1.90,0.4,,1.200,135,76,0,0.80,130,15.1
18,1018,Bột mì,Wheat flour,14.0,346,10.3,73.6,0.3,0.7,29,2.00,1.1,,2.000,132,186,4,2.50,21,28
19,1019,Bột ngô vàng,Yellow maize flour,12.0,361,8.3,73.0,1.5,1.2,15,2.10,4.0,,0.460,170,315,5,1.73,230,15.4
20,1020,Bún,Rice vermicelli,72.0,110,1.7,25.7,0.5,0.1,12,0.20,-,,-,32,-,-,-,-,-
21,1021,Cốm,"Rice, unriped. Raw",25.0,297,6.1,66.3,0.6,1.2,24,1.00,0.8,,-,143,-,-,-,-,-
22,1022,Mỳ sợi,Wheat noodles,13.0,349,11.0,74.2,0.3,0.6,34,1.50,0.9,,-,97,-,-,-,-,-
23,1023,Ngô nếp luộc,"Glutinous maize, boiled",59.0,167,3.9,32.9,1.2,0.8,18,0.80,2.2,,-,146,-,-,-,-,-
24,2001,Củ ấu,Water-caltrops,69.2,115,3.6,24.0,1.0,1.7,9,0.70,0.5,,-,49,-,-,-,-,-
25,2002,Củ cái,Yam winged,65.5,127,3.1,28.3,1.8,1.1,20,2.90,0.2,,-,32,397,12,11.00,-,-
26,2003,Củ dong,Bermuda tuber,66.5,119,1.4,28.4,2.4,1.3,42,-,-,,-,21,-,-,-,-,-
27,2004,Củ sắn,Bitter cassava,60.0,152,1.1,36.4,1.5,0.8,25,1.20,0.2,,-,30,394,2,-,-,-
28,2005,Củ sắn dây,Radix puerariae,60.3,119,1.6,28.0,9.2,0.8,28,0.20,0.1,,-,45,-,-,-,-,-
29,2006,Củ súng khô,"Nymphaea stellata wild, dried, unshelled",8.6,350,16.1,70.3,2.3,2.2,100,0.20,0.5,,-,720,-,-,-,-,-
30,2007,Củ từ,"Igname Yam, Chinese",75.0,92,1.5,21.5,1.2,0.8,28,0.20,-,,-,30,-,-,-,-,-
31,2008,Khoai lang,"Sweet potato, white",68.0,119,0.8,28.5,1.3,1.2,34,1.00,0.2,,0.390,49,210,31,0.20,260,7.1
32,2009,Khoai lang nghệ,"Sweet potato, yellow",69.9,116,1.2,27.1,0.8,0.7,36,0.90,0.3,,-,56,-,-,-,-,-
33,2010,Khoai môn,"Chinese Yam, spiny yam",70.8,109,1.5,25.2,1.2,1.1,44,0.80,0.2,,-,44,-,-,-,-,-
34,2011,Khoai nước,Water-taro,72.5,98,1.0,23.3,2.0,1.1,52,0.20,0.1,,-,35,-,-,-,-,-
35,2012,Khoai riềng,Edible canna,70.0,104,0.8,25.1,2.5,1.6,64,1.70,-,,-,107,-,-,-,-,-
36,2013,Khoai sọ,Taro tuber,69.0,114,1.8,26.5,1.2,1.4,64,1.50,0.1,,0.380,75,448,10,-,-,-
37,2014,Khoai tây,"Potato, white",75.0,93,2.0,20.9,1.0,1.0,10,1.20,0.1,,0.200,50,396,7,0.30,230,0.5
38,2015,Miến dong,Vermicelli from Bermuda tuber,14.5,332,0.6,82.2,1.5,1.1,40,1.00,0.1,,-,120,-,-,-,-,-
39,2016,Bột dong lọc,Bermuda flour,14.0,341,0.6,84.7,0.5,0.2,37,1.70,-,,-,18,-,-,-,-,-
40,2017,Bột khoai lang,Sweet potato flour,14.0,334,2.2,80.2,1.6,1.5,50,2.00,0.5,,-,95,-,-,-,-,-
41,2018,Bột khoai riềng (bột đao),"Canna edulis Ker, flour",14.0,337,0.2,84.1,1.5,0.2,16,-,-,,-,17,-,-,-,-,-
42,2019,Bột khoai tây (lọc),"Potato flour, white",13.6,345,1.0,84.4,0.4,0.3,30,3.00,0.3,,-,125,-,-,-,-,-
43,2020,Bột sắn,Cassava flour,14.0,333,2.4,79.6,2.2,1.3,84,-,0.5,,-,37,-,-,-,-,-
44,2021,Bột sắn dây,Radix puerariae flour,14.0,340,0.7,84.3,0.8,0.2,18,1.50,-,,-,20,-,-,-,-,-
45,2022,Khoai lang khô,"Sweet potato, dried",11.0,333,2.2,80.0,3.6,2.7,95,2.78,0.5,,1.080,137,584,86,0.56,723,19.7
46,2023,Khoai tây khô,"Potato, white, dried",11.0,330,6.6,75.1,3.4,3.6,37,4.30,0.3,,0.710,180,1410,25,1.07,819,1.78
47,2024,Khoai tây lát chiên,"Potato crisp, fried",3.0,525,2.2,49.3,6.3,3.8,37,2.10,35.4,,-,130,-,-,-,-,-
48,2025,Sắn khô,Dried bitter cassava,11.0,340,3.0,80.3,3.0,2.0,96,7.90,0.7,,-,81,-,-,-,-,-
49,2026,Trân châu sắn,"Tapioca, pearls E.P",14.0,341,1.0,84.3,0.6,0.1,30,2.00,-,,-,50,-,-,-,-,-
50,3001,Cùi dừa già,"Coconut meat, mature, raw",47.6,368,4.8,6.2,4.2,1.2,30,30.00,36.0,,1.300,154,555,7,5.00,50,-
51,3002,Cùi dừa non,"Coconut meat, immature, raw",87.8,40,3.5,2.6,3.5,0.9,4,1.00,1.7,,-,53,-,-,-,-,-
52,3003,Đậu cô ve (hạt),"French bean seeds, dried",14.0,321,21.8,54.9,3.5,4.2,96,-,1.6,,-,360,-,-,-,-,-
53,3004,Đậu đen (hạt),"Black bean seeds, dried",14.0,325,24.2,53.3,4.0,2.8,56,6.10,1.7,,-,354,-,-,-,-,-
54,3005,Đậu đũa (hạt),"Cow pea whole seeds, dried",14.0,320,23.7,51.9,4.3,4.1,110,6.50,2.0,,-,382,-,-,-,-,-
55,3006,Đậu Hμ lan (hạt),"Peas garden and field, seeds, dried",13.6,318,22.2,54.1,6.0,2.7,57,4.40,1.4,,-,303,135,9,4.00,930,0.4
56,3007,Đậu tương (đậu nành),"Yellow dried soybean seeds, dried",14.0,400,34.0,24.6,4.5,4.5,165,11.00,18.4,,1.200,690,1504,2,3.80,300,1.5
57,3008,Đậu trắng hạt (Đậu Tây),"Kidney bean whole seeds, dried",14.0,327,23.2,53.8,3.6,3.3,160,6.80,2.1,,-,514,-,-,-,-,-
58,3009,Đậu trứng cuốc,"Egg bird bean seeds, dried",14.0,321,25.8,50.0,4.8,3.4,-,-,2.0,,-,-,-,-,-,-,-
59,3010,Đậu xanh (đậu tắt),"Mungo bean seeds, dried",14.0,328,23.4,53.1,4.7,2.4,64,4.80,2.4,,-,377,1132,6,1.10,880,-
60,3011,Hạt dẻ to,"Chestnut, Chinese whole, raw",9.0,638,18.0,8.7,3.5,1.8,61,2.30,59.0,,-,510,-,-,-,-,-
61,3012,Hạt dẻ tươi,"Chestnut, Chinese whole, raw",44.0,223,4.2,49.1,-,1.7,18,1.41,1.1,,1.600,96,447,3,0.87,363,-
62,3013,Hạt dẻ khô,"Chestnut, dried",8.9,363,6.8,79.8,-,2.7,29,2.29,1.8,,2.600,155,726,5,1.41,590,-
63,3014,Hạt đen,Black seed,12.0,472,17.3,35.5,3.5,2.7,84,-,29.0,,-,255,-,-,-,-,-
64,3015,Hạt điều,"Cashew nut, common",3.4,605,18.4,28.7,0.6,2.6,28,3.60,46.3,,1.660,462,660,12,5.78,2195,19.9
65,3016,Hạt mít,"Jack fruit, seed, raw",58.2,166,0.7,38.3,-,1.7,46,3.40,1.1,,-,34,-,-,-,-,-
66,3017,Lạc hạt,Dried peanut seed,7.5,573,27.5,15.5,2.5,2.5,68,2.20,44.5,,1.600,420,421,4,1.90,420,-
67,3018,Quả cọ tươi,Palm fruit fresh,67.1,178,2.3,12.1,3.5,1.6,38,0.20,13.4,,-,34,-,-,-,-,-
68,3019,Quả đại hái tươi,Hodgsonia fruit,35.0,427,20.0,1.2,3.4,2.4,66,3.10,38.0,,-,440,-,-,-,-,-
69,3020,"Vừng (đen, trắng)","Sesame oriental seeds, whole, dried black or white",7.6,568,20.1,17.6,3.5,4.8,975,14.55,46.4,,2.460,629,468,11,7.75,4082,5.7
70,3021,Bột đậu tương đã loại béo (đậu nành),"Soybeans flour, defatted",14.0,321,49.0,29.0,2.5,4.5,247,7.60,1.0,,3.020,602,2384,20,2.46,4067,1.7
71,3022,Bột đậu tương rang chín,Roasted soybeans flour,10.0,418,41.0,22.9,2.5,5.6,189,7.50,18.0,,-,540,-,-,-,-,-
72,3023,Bột đậu xanh,Mungo bean flour,10.0,347,24.6,56.5,3.9,2.5,50,1.00,2.5,,-,100,1185,6,1.15,921,-
73,3024,Bột lạc,Peanut flour,8.0,575,27.5,15.0,2.1,2.4,80,3.00,45.0,,1.570,380,414,4,1.87,413,-
74,3025,Đậu phụ,"Soybean curt cake pressed, raw",82.0,95,10.9,0.7,0.4,0.6,24,2.20,5.4,,0.610,85,121,7,0.80,193,8.9
75,3026,Đậu phụ chúc,Curd tofu concentrated,18.5,414,50.2,6.5,0.3,3.7,325,10.80,20.8,,-,225,-,-,-,-,-
76,3027,Đậu phụ nướng,"Curd tofu, fried",78.2,114,13.4,0.8,0.5,0.7,370,4.70,6.4,,-,167,-,-,-,-,-
77,3028,Hạt bí đỏ rang,"Pumpkin seeds, fried",3.6,519,35.1,23.0,2.3,4.2,235,2.20,31.8,,-,900,-,-,-,-,-
78,3029,Hạt dưa đỏ rang (dưa hấu),"Water melon seeds whole, fried",4.8,551,31.8,18.0,1.8,4.5,237,3.00,39.1,,-,751,-,-,-,-,-
79,3030,"Hạt điều khô, chiên dầu","Cashew, common, roasted with oil",12.7,583,18.3,16.4,0.7,2.6,32,3.90,49.3,,-,411,-,-,-,-,-
80,3031,Sữa bột đậu nành,"Milk flour, made from roasted soybeans",3.5,405,31.1,48.2,2.2,5.3,224,7.50,9.7,,-,320,-,-,-,-,-
81,3032,Sữa đậu nành (100g đậu/lít),Soybean milk (100 g soybean/l),94.4,28,3.1,0.4,0.1,0.4,18,1.20,1.6,,0.220,36,124,55,0.44,141,4.8
82,3033,Tào phớ,"Tofu in light syrup (Tofu 160g, sirup 65ml)",90.0,37,2.3,6.4,0.2,0.9,92,0.30,0.2,,-,150,-,-,-,-,-
83,4001,Bầu,"Calabash, Bottle gourd",95.1,14,0.6,2.9,1.0,0.4,21,0.20,0.02,,0.070,25,150,2,0.70,26,0.2
84,4002,Bí đao (bí xanh),"Asgourd Waxgoured, Winter melon",95.5,12,0.6,2.4,1.0,0.5,26,0.30,-,,-,23,150,13,-,-,-
85,4003,Bí ngô,Pumpkin squash,92.0,27,0.3,6.1,0.7,0.8,24,0.50,0.1,,16.000,16,349,8,0.10,210,0.3
86,4004,Cà bát,"Egg plant big, Brinja aubergine",92.5,23,1.2,4.0,1.5,0.6,12,0.70,0.2,,0.250,16,230,2,0.16,82,0.3
87,4005,Cà chua,Tomato,94.0,20,0.6,4.0,0.8,0.4,12,1.40,0.2,,0.210,26,275,12,0.74,90,0.5
88,4006,Cà pháo,Egg plant - small,92.5,20,1.5,3.6,1.6,0.8,12,0.70,-,,0.200,16,221,7,0.30,90,6.7
89,4007,"Cà rốt (củ đỏ, vàng)",Carrots,88.5,39,1.5,7.8,1.2,0.8,43,0.80,0.2,,0.230,39,266,52,1.11,150,0.1
90,4008,Cà rốt khô,Dried carrot,14.0,292,9.2,60.4,9.6,5.3,323,5.90,1.5,,-,292,-,-,-,-,-
91,4009,Cà tím,Aubergine,92.5,22,1.0,4.5,1.5,0.5,15,0.40,-,,-,34,-,-,-,-,-
92,4010,Cải bắp,"Cabbage, common",90.0,29,1.8,5.3,1.6,1.2,48,1.10,0.1,,0.450,31,190,28,0.81,180,2.2
93,4011,Cải bắp đỏ,"Cabbage, red",84.0,45,1.9,9.0,4.0,0.9,83,0.50,0.2,,0.240,42,243,27,0.22,17,0.6
94,4012,Cải bắp khô,"Dried cabbage, white",16.0,245,18.0,39.7,14.0,10.7,300,7.50,1.6,,-,106,-,-,-,-,-
95,4013,Cải cúc,Chrysanthemum. crown-daisy,93.8,14,1.6,1.9,2.0,0.7,63,0.80,-,,0.700,38,219,33,0.67,180,0.3
96,4014,Cải soong,Watercress,93.7,15,2.1,1.3,2.0,0.8,69,1.60,0.1,,0.380,28,211,85,0.80,200,0.9
97,4015,Cải thìa (cải trắng),"Chinese cabbage, white",93.2,17,1.4,2.4,1.8,1.0,50,0.70,0.2,,0.500,30,200,25,0.75,90,0.5
98,4016,Cải xanh,"Mustard greens, India, leaves and stems",93.8,16,1.7,1.9,1.8,0.6,89,1.90,0.2,,0.320,14,221,29,0.90,120,0.9
99,4017,Cần ta,Water drop-wort; Celery water,95.3,10,1.0,1.5,1.5,0.7,310,3.00,-,,-,64,-,-,-,-,-
100,4018,Cần tây,"Celery, Chinese",85.0,48,3.7,7.9,1.5,1.7,325,8.00,0.2,,0.200,128,326,96,0.30,90,0.4
101,4019,Chuối xanh,"Banana common varieties, unripe",80.2,74,1.2,16.4,1.0,0.8,26,0.40,0.5,,0.100,27,256,13,0.25,94,0.3
102,4020,Củ cải đỏ ,"Red radish oriental, raw",86.0,48,1.3,10.8,0.9,1.0,28,1.40,-,,-,43,-,-,-,-,-
103,4021,Củ cải trắng,"Radish garden while, raw",92.1,21,1.5,3.6,1.5,1.2,40,1.10,0.1,,0.050,41,242,10,0.20,150,3.9
104,4022,Củ cải trắng khô,"Dried radish, white",16.0,220,17.6,33.9,17.7,13.3,629,6.73,1.5,,0.540,204,3494,278,2.13,1631,0.7
105,4023,Củ đậu,Pachyrrhizus,92.0,28,1.0,6.0,0.7,0.3,8,-,-,,-,16,-,-,-,-,-
106,4024,Củ niễng,"Manchurian water-rice, Manchurian Wild rice M· sè: 4024",90.2,30,2.0,5.4,1.8,0.6,24,1.40,-,,-,92,-,-,-,-,-
107,4025,Dọc củ cải (non),"Horse radish; dish - tree, drumstick leave",93.6,14,1.9,1.6,1.8,1.1,220,0.40,-,,-,57,-,-,-,-,-
108,4026,Dọc mùng,Colocasia indica,96.0,5,0.4,0.8,2.0,0.8,-,-,-,,-,-,-,-,-,-,-
109,4027,Dưa chuột,Cucumber,95.0,16,0.8,2.9,0.7,0.5,23,1.00,0.1,,0.250,27,169,13,0.18,90,0.3
110,4028,Dưa gang,Large cucumber,96.2,11,0.8,2.0,0.7,0.3,25,0.40,-,,-,37,-,-,-,-,-
111,4029,Đậu cô ve,"Beans, kidney, in pod, French bean; Navy been",80.0,73,5.0,13.3,1.0,0.7,26,0.70,-,,0.500,122,254,96,0.01,90,-
112,4030,Đậu đũa,"Cow-peas, yard long, Chinese long bean",83.0,59,6.0,7.9,2.0,0.7,47,1.60,0.4,,0.210,16,194,5,0.37,48,1.5
113,4031,Đậu Hà Lan,Green peas; field pea; Peas garden,81.0,72,6.5,10.6,1.0,0.5,57,0.80,0.4,,0.410,43,244,5,1.24,176,1.8
114,4032,Đậu rồng (quả non),"Winged bean goabean, Indies, asparagus pea",89.5,34,1.9,6.3,1.6,0.6,63,1.30,0.1,,-,60,-,-,-,-,-
115,4033,Đu đủ xanh,"Papaya, unripe, raw",92.1,22,0.8,4.6,2.0,0.5,63,0.90,-,,-,50,215,7,-,101,-
116,4034,Gấc,"Gac fruit, whole",77.0,122,2.1,10.5,1.8,0.7,56,1.20,7.9,,-,6,-,-,-,-,-
117,4035,Giá đậu tương,Sprout of soybeans,80.8,79,7.7,8.0,0.7,1.0,52,1.10,1.8,,0.700,58,484,14,1.17,427,0.6
118,4036,Giá đậu xanh,"Mungobean sprouts, Green gram, Tiensin green bean",86.5,44,5.5,5.1,2.0,0.7,38,1.40,0.2,,0.190,91,164,23,0.41,164,0.6
119,4037,Hành củ tươi,"Onion, Welsh",92.5,26,1.3,4.4,0.7,0.7,32,1.10,0.4,,0.140,49,212,17,0.52,70,0.6
120,4038,Hành lá (hành hoa),"Onion, Welsh",92.5,22,1.3,4.3,0.9,1.0,80,1.00,-,,0.260,41,123,16,0.44,180,-
121,4039,Hành tây,"Onion, common, garden",88.0,41,1.8,8.2,1.1,0.8,38,0.80,0.1,,0.200,58,221,8,1.43,70,1.5
122,4040,Hạt sen tươi,"Lotus seed, raw",57.9,161,9.5,29.5,0.8,1.8,76,1.40,0.5,,0.620,164,367,1,0.28,94,-
123,4041,Hạt sen khô,Dried lotus seed,14.0,334,20.0,58.0,2.2,3.4,89,6.40,2.4,,2.320,285,1368,5,1.05,350,-
124,4042,Hẹ lá,"Onion, fragrant, Chinese leek",94.5,18,2.2,1.5,0.9,0.6,56,1.30,0.3,,0.300,45,234,6,0.20,100,1
125,4043,Hoa chuối,"Banana, buds and flowers",92.0,20,1.5,3.5,2.0,1.0,44,0.90,-,,-,32,-,-,-,-,-
126,4044,Hoa lý,"Daylily, lemon flowers, Pergularia, raw",90.5,23,2.9,2.8,3.0,0.8,52,1.20,-,,-,53,-,-,-,-,-
127,4045,Khế,Carambola; Star fruit,93.5,16,0.6,2.8,2.6,0.2,10,0.90,0.3,,0.040,8,133,2,0.12,137,0.6
128,4046,Lá lốt,Lolot,86.5,39,4.3,5.4,2.5,1.3,260,4.10,-,,-,980,598,15,-,-,-
129,4047,Lá me,"Tamarind, leaves",86.0,46,7.5,4.0,-,2.5,319,-,-,,-,-,-,-,-,-,-
130,4048,Lá mơ lông,Wild plant,86.1,27,3.9,2.9,5.1,2.0,211,-,-,,-,3,-,-,-,-,-
131,4049,Lá sắn tươi,Cassava leaves,74.8,78,7.0,12.6,4.3,1.3,200,1.90,-,,-,27,-,-,-,-,-
132,4050,Măng chua,"Bamboo shoot, unspecified",92.8,11,1.4,1.4,4.1,0.3,18,0.90,-,,-,29,486,9,1.10,190,-
133,4051,Măng khô,Dried bamboo shoots,23.0,157,13.0,21.5,36.0,4.4,100,5.00,2.1,,-,200,-,-,-,-,-
134,4052,Măng tây,"Asparagus, white",93.7,14,2.2,1.1,2.3,0.6,21,0.90,0.1,,0.160,6,202,2,0.54,189,2.3
135,4053,Măng tre,"Bamboo shoots, spring variety",92.0,15,1.7,1.4,4.1,0.5,22,1.00,0.3,,0.260,58,533,4,1.10,190,0.8
136,4054,Mướp,"Gourd, sponge gourd",95.1,17,0.9,2.8,0.5,0.5,28,0.80,0.2,,0.090,45,139,3,0.07,35,0.2
137,4055,Mướp đắng,"Balsam-pear, balsam-apple, bitter melon, bitter gourd",94.4,16,0.9,2.8,1.1,0.6,18,0.60,0.2,,0.090,29,296,5,0.80,34,0.2
138,4056,Mướp Nhật bản,"Gourd, sponge gourd, Japanese",95.4,10,0.8,1.8,1.4,0.6,30,0.30,0.0,,-,22,-,-,-,-,-
139,4057,Ngải cứu,"Mugwort, common sagebrush",89.7,25,3.8,2.4,2.0,2.1,136,3.10,0.0,,-,45,-,-,-,-,-
140,4058,Ngô bao tử,"Corn, small variety immature, baby corn",89.2,40,2.2,7.4,0.4,0.6,5,0.90,0.2,,-,52,-,-,-,-,-
141,4059,Ngó sen,"Lotus, stem underground",82.9,61,1.0,13.9,1.2,0.9,19,0.50,0.1,,0.260,51,556,40,0.39,257,0.7
142,4060,Nụ mướp,"Sponge gourd, rag, young flower",90.0,30,4.9,2.5,1.5,1.1,140,1.20,-,,-,80,-,-,-,-,-
143,4061,ớt đỏ to,"Chili pepper, peppers red",92.2,23,1.0,4.0,2.0,0.5,7,0.43,0.3,,0.110,26,211,2,0.25,17,0.1
144,4062,ớt vàng to,"Peppers, yellow",91.0,29,1.3,5.5,1.4,0.6,86,3.60,0.2,,1.100,120,275,15,0.32,140,0.3
145,4063,ớt xanh to,"Peppers, green",92.0,25,1.3,4.5,1.5,0.5,6,0.80,0.2,,0.120,25,175,3,0.13,66,0
146,4064,Quả dọc,-,95.0,19,0.8,3.9,-,0.3,21,-,0.0,,-,5,-,-,-,-,-
147,4065,Quả me chua,"Tamarind fruit, pulp raw",90.3,27,1.9,4.8,2.0,1.0,130,0.40,-,,-,46,-,-,-,-,-
148,4066,Rau bí,Pumpkin leaves,93.2,18,2.7,1.7,1.7,0.7,100,2.10,-,,0.290,26,390,17,0.45,90,0.9
149,4067,Rau câu khô,Dried seaweed,20.0,198,11.2,35.8,20.8,11.1,378,8.80,1.1,,4.300,124,1125,102,5.80,610,7.4
150,4068,Rau câu tươi,Seaweed fresh,86.2,25,1.9,4.1,5.0,2.7,85,0.90,0.1,,0.370,34,226,9,0.58,61,0.7
151,4069,Rau diếp,Lettuce garden,95.7,14,1.2,1.8,0.5,0.6,38,1.10,0.2,,0.800,37,254,14,0.40,180,0.8
152,4070,Rau đay,Jute potherb,91.4,25,2.8,3.0,1.5,1.1,182,7.70,0.3,,0.120,57,417,16,0.79,255,0.9
153,4071,"Rau giấp cá, diếp cá",Wild plant,91.5,22,2.9,2.7,1.8,1.1,-,-,-,,-,-,-,-,-,-,-
154,4072,Rau giền cơm,"Amaranth, spineless",92.0,21,3.4,1.1,1.6,1.6,341,4.10,0.3,,0.890,76,611,20,0.90,162,0.9
155,4073,Rau giền đỏ,"Amaranth, sp. Red",86.2,41,3.3,6.2,1.6,2.4,288,5.40,0.3,,1.850,123,476,56,0.50,200,-
156,4074,Rau giền trắng,"Amaranth, sp White",86.7,42,3.2,6.3,1.5,1.9,288,6.10,0.4,,-,80,-,-,-,-,-
157,4075,Rau húng,"Basil sweet leaves, raw",91.4,20,2.2,1.5,3.5,0.8,202,4.80,0.6,,1.860,83,148,91,0.91,220,0.3
158,4076,Rau khoai lang,"Sweet potato, leaves",91.9,23,2.6,2.5,1.4,1.3,48,2.70,0.3,,0.260,54,498,19,0.29,37,0.9
159,4077,Rau kinh giới,Sweet marjoram,90.3,22,2.7,2.8,3.6,0.6,246,1.00,-,,-,15,211,2,0.52,250,-
160,4078,Rau má rừng,Wild plant,91.1,25,3.1,3.1,1.5,1.2,172,0.20,-,,-,24,-,-,-,-,-
161,4079,"Rau má, má mơ","Wort, India penny",88.2,20,3.2,1.8,4.5,2.3,229,3.10,-,,-,2,-,-,-,-,-
162,4080,Rau mồng tơi,"Malabar night shade, Vinespinach, Ceylon spinach",93.2,14,2.0,1.4,2.5,0.9,176,1.60,-,,0.450,34,391,38,0.54,20,-
163,4081,Rau mùi,Coriander,93.3,16,2.6,0.2,1.8,1.6,133,4.50,0.5,,0.430,80,521,46,0.50,225,0.9
164,4082,Rau mùi tàu,"Parsley, curley",92.0,25,2.1,2.4,1.6,1.1,20,2.90,0.8,,0.360,30,237,39,0.41,210,0.1
165,4083,Rau muống,"Swamp cabbage, water spinach, water convol",92.0,25,3.2,2.1,1.0,1.3,100,1.40,0.4,,0.600,37,331,37,0.35,100,1
166,4084,Rau muống khô,"Water spinach, dried",14.0,245,34.2,23.0,12.0,15.0,880,15.20,1.8,,-,300,-,-,-,-,-
167,4085,Rau ngổ,Limnophila aromatic,93.3,15,1.5,2.3,2.1,0.8,84,2.20,-,,1.490,18,222,5,1.48,480,-
168,4086,Rau ngót,"Sauropus, sp. leaves",86.4,35,5.3,3.4,2.5,2.4,169,2.70,-,,2.400,65,457,25,0.94,190,-
169,4087,Rau ngót khô,"Sauropus, dried",14.0,239,32.2,21.8,15.0,14.4,-,-,2.6,,-,-,-,-,-,-,-
170,4088,Rau răm,Polygonum odoratum,86.7,30,4.7,2.8,3.8,2.0,316,2.20,-,,3.630,55,216,5,1.05,390,-
171,4089,Rau rút,"Neptunia, dismanthus",90.4,28,5.1,1.8,1.9,0.8,180,-,-,,-,59,-,-,-,-,-
172,4090,Rau sà lách,"Lettuce, garden asparagus",95.0,17,1.5,1.8,0.5,0.8,77,0.90,0.4,,0.750,34,333,59,0.40,220,0.8
173,4091,Rau sam,"Purslane, common",93.6,18,1.4,3.0,0.7,1.3,85,1.50,-,,-,56,-,-,-,-,-
174,4092,Rau sắng (chùa Hương),Perfume pagoda wild plant,82.4,48,6.5,5.5,3.4,2.2,110,-,-,,-,80,-,-,-,-,-
175,4093,Rau tàu bay,Gynura crepidioides,93.1,18,2.5,1.9,1.6,0.9,81,-,-,,-,25,-,-,-,-,-
176,4094,Rau thơm,Mint leaves,91.7,18,2.0,2.4,3.0,0.9,170,3.80,-,,0.880,49,217,6,0.56,740,-
177,4095,Sấu xanh,"Dracontomelum fruit, unripe, raw",94.7,19,1.8,3.0,-,0.5,135,-,-,,-,6,-,-,-,-,-
178,4096,Su hào,Kohlrabi,88.0,37,2.8,6.2,1.7,1.2,46,0.60,0.1,,0.620,50,321,53,0.45,310,0.7
179,4097,Su hào khô,Dried kohlrabi,15.0,261,20.0,42.1,12.5,9.0,-,-,1.4,,-,-,-,-,-,-,-
180,4098,Su su,"Chayote, fruit raw",94.0,19,0.8,3.6,1.0,0.5,17,0.40,0.1,,0.190,14,125,2,0.74,123,0.2
181,4099,Súp lơ trắng,"Cauliflower, white",90.9,30,2.5,4.8,0.9,0.8,26,1.40,0.1,,0.200,51,349,20,0.20,140,0.6
182,4100,Súp lơ xanh,"Cauliflower, green",89.8,26,3.0,2.9,3.2,0.9,33,0.73,0.3,,0.250,62,300,23,0.64,41,0.6
183,4101,Thìa là,Dill,88.4,28,2.6,1.8,5.0,1.1,200,1.20,1.1,,0.550,12,361,48,0.50,220,-
184,4102,Tía tô,"Balm-mint, garden- balm",89.1,25,2.9,3.4,3.6,1.0,190,3.20,-,,0.730,18,284,3,0.86,460,-
185,4103,Tỏi ta,Garlic bulbs,67.7,121,6.0,23.0,1.5,1.3,24,1.50,0.5,,1.300,181,373,18,0.90,299,77.1
186,4104,Tỏi tây (cả lá),"Chinese Leek, Onion fragrant",90.0,29,1.4,5.9,1.5,1.2,80,2.00,-,,-,58,-,-,-,-,-
187,4105,Trám đen chín,Variety of canarium,77.0,114,2.5,3.6,4.9,2.0,140,-,10.0,,-,30,-,-,-,-,-
188,4106,"Trám xanh sống, trám trắng",Chinese olive,86.7,37,1.2,4.4,4.9,1.2,136,-,1.6,,-,9,-,-,-,-,-
189,4107,Xương sông,Edible herbaceous plant,91.7,15,2.2,1.5,3.2,1.4,112,4.00,-,,-,17,424,12,-,-,-
190,4108,Cà chua muối,"Tomato, pickled",94.0,6,0.6,1.0,0.8,3.6,-,-,-,,-,-,-,-,-,-,-
191,4109,Cà muối nén,"Eggplant, garden, brinjan; aubergine, pickled",81.0,13,1.3,2.0,1.7,14.0,15,0.80,-,,-,18,-,-,-,-,-
192,4110,Cà muối sổi,"Eggplant, garden, brinjan; aubergine, pickled",84.3,16,1.5,2.5,1.7,10.0,-,-,-,,-,-,-,-,-,-,-
193,4111,Dưa cải bắp,"Cabbage Chinese, pickled",90.9,18,1.2,3.3,1.6,3.0,51,0.30,-,,-,34,-,-,-,-,-
194,4112,Dưa cải bẹ,"Mustard green, pickled",90.1,17,1.8,2.4,2.1,3.6,100,3.00,-,,-,21,-,-,-,-,-
195,4113,Dưa cải sen,"Rape bird, pickled",93.8,10,1.1,1.3,1.8,2.0,63,-,-,,-,41,-,-,-,-,-
196,4114,Dưa chuột muối,"Cucumber, pickled",92.1,13,0.8,2.5,0.7,3.9,25,1.20,-,,0.010,20,23,1208,0.02,85,0
197,4115,Dưa giá (đậu xanh),"Mung bean sprouts, pickled",86.2,39,5.0,4.8,2.0,2.0,22,1.10,-,,-,33,-,-,-,-,-
198,4116,Hành củ muối,"Onion, pickled",88.5,22,1.4,4.0,0.7,5.4,12,1.30,-,,-,5,-,-,-,-,-
199,4117,Kiệu muối,"Onion shallot, scallion, pickled",89.5,24,1.3,4.7,1.2,3.3,50,1.20,-,,-,35,-,-,-,-,-
200,4118,"Nhút (muối từ mít non, ngọn đậu xanh non...)",Mix pickled from young jack fruit,84.9,16,2.5,1.5,2.3,8.8,204,9.00,-,,-,33,-,-,-,-,-
201,4119,Men bia khô,"Brewer's yeast, fried",7.5,340,52.5,25.4,6.6,4.8,44,16.10,3.2,,-,1291,-,-,-,-,-
202,4120,Men bia tươi,"Baker's yeast, fresh",74.6,95,16.2,4.5,2.0,1.4,30,5.00,1.3,,-,272,-,-,-,-,-
203,4121,Mộc nhĩ,"Jew's ear, Juda's ear, dried, Wood-ear, Tender variety",11.4,304,10.6,65.0,7.0,5.8,357,56.10,0.2,,1.150,201,708,70,7.52,5070,133.1
204,4122,Nấm hương khô,"Mushroom Chinese, dried",13.0,274,36.0,23.5,17.0,6.5,184,35.00,4.0,,-,606,-,-,-,-,-
205,4123,Nấm hương tươi,"Mushroom, Chinese, raw",87.0,39,5.5,3.1,3.0,0.9,27,5.20,0.5,,-,89,-,-,-,-,-
206,4124,Nấm mỡ (Nấm tây),Mushroom,90.4,32,4.0,3.4,1.1,0.8,28,1.30,0.3,,0.100,80,322,12,0.30,1790,13
207,4125,Nấm rơm,"Mushroom, straw",87.9,57,3.6,3.4,1.1,0.8,28,1.20,3.2,,-,80,-,-,-,-,-
208,4126,Nấm thường tươi,"Mushroom, common",88.0,34,4.6,2.2,3.5,0.9,2,0.70,0.8,,0.050,59,318,5,0.52,318,9.3
209,5001,Bưởi,"Pomelo, Pummelo; Shaddock",91.4,30,0.2,7.3,0.7,0.4,23,0.50,0.0,,0.020,18,159,3,0.16,120,-
210,5002,Cam,Orange,88.8,38,0.9,8.3,1.4,0.5,34,0.40,0.1,,0.520,23,108,4,0.22,140,0.4
211,5003,Chanh,Lemon,92.5,24,0.9,4.5,1.3,0.5,40,0.60,0.3,,-,22,145,3,0.10,260,-
212,5004,Chôm chôm,Rambutan,80.3,72,1.5,16.4,1.3,0.5,28,0.50,0.0,,-,15,-,-,-,-,-
213,5005,Chuối khô,"Banana, dried",22.0,292,5.0,68.0,2.3,2.7,-,-,0.0,,-,-,-,-,-,-,-
214,5006,Chuối tây,Banana,83.2,56,0.9,12.4,2.6,0.6,12,0.50,0.3,,0.310,25,286,17,0.32,150,1
215,5007,Chuối tiêu,"Banana, dwarf",74.4,97,1.5,22.2,0.8,0.9,8,0.60,0.2,,0.120,28,329,19,0.37,140,0.9
216,5008,Dâu gia,Blackberry,92.8,27,0.6,6.2,-,0.4,20,0.50,-,,-,12,-,-,-,-,-
217,5009,Dâu tây,Strawberry,84.9,43,1.8,8.1,4.0,0.8,22,0.70,0.4,,-,23,292,37,-,-,-
218,5010,Dưa bở,"Musk melon, Spanish melon, Cantaloupe",94.5,18,0.5,3.6,0.7,0.5,36,0.30,0.2,,0.050,36,201,0,0.17,86,0
219,5011,Dưa hấu,Watermelon,95.5,16,1.2,2.3,0.5,0.3,8,1.00,0.2,,0.030,13,187,5,0.11,80,0.4
220,5012,Dưa hồng,Honey dew melon,95.0,17,0.3,3.7,0.4,0.5,27,0.40,0.1,,0.030,12,228,18,0.09,24,0.7
221,5013,Dưa lê,-,93.3,18,0.4,4.2,0.5,1.6,11,0.60,0.0,,-,21,-,-,-,-,-
222,5014,Dứa ta,"Pineapple, wild",91.5,29,0.8,6.5,0.8,0.4,15,0.50,-,,0.120,17,157,24,0.25,320,0.5
223,5015,Dứa tây,Pineapple,89.7,38,0.5,8.8,0.4,0.5,32,0.30,0.1,,1.180,11,115,1,0.10,99,0.1
224,5016,Đào,Peach,90.5,31,0.9,6.3,1.5,0.6,20,0.45,0.2,,0.060,34,190,0,0.17,68,0.1
225,5017,Đu đủ chín,"Papaya, ripe",90.1,36,1.0,7.6,0.6,0.6,40,2.60,0.1,,0.840,32,221,4,0.10,40,0.6
226,5018,Gioi,Ohia; Malaya roseapple,93.0,16,0.4,3.2,2.9,0.2,12,0.50,0.3,,0.030,6,123,0,0.06,16,-
227,5019,Hồng bì,"Wampee, Chinese; Wampi",88.2,34,1.4,7.2,2.4,0.8,48,0.40,-,,-,9,-,-,-,-,-
228,5020,Hồng đỏ,"Persimmon kaki, soft type, ripe",90.0,29,0.7,6.0,2.5,0.6,10,0.20,0.2,,1.120,19,214,4,0.19,100,0.6
229,5021,Hồng ngâm,"Persimmon kaki, Hard-type, ripe",87.5,38,0.9,8.6,2.5,0.5,10,0.20,-,,1.220,19,217,3,0.22,100,-
230,5022,Hồng xiêm,"Sapodilla, sapota ponderosa",85.7,48,0.5,10.0,2.5,0.6,52,2.30,0.7,,-,24,193,12,0.10,86,0.6
231,5023,Lê,Pear,87.8,45,0.7,10.2,0.6,0.5,19,2.30,0.2,,0.050,16,88,5,0.13,140,0.1
232,5024,Lựu,Pome granate,79.6,70,0.6,16.2,2.5,0.8,13,0.70,0.3,,-,23,259,3,0.12,70,0.6
233,5025,Mãng cầu xiêm,"Siamese custard apple, soursop",84.7,53,1.8,10.1,1.9,0.9,38,0.70,0.6,,-,14,382,4,-,-,-
234,5026,Mắc coọc,Pyrus pashia Ham,93.8,24,0.2,5.7,-,0.3,32,0.60,-,,-,7,-,-,-,-,-
235,5027,Mận,"Japanese, plum",94.1,20,0.6,3.9,0.7,0.5,28,0.40,0.2,,0.050,20,157,0,0.10,57,0
236,5028,Mít dai,"Jackfruit, jackfruit mature",85.4,50,0.6,11.1,1.2,1.4,21,0.40,0.3,,0.150,28,368,3,0.67,120,0.6
237,5029,Mít khô,Dried jackfruit,26.0,280,2.9,67.0,1.5,2.6,-,-,-,,-,-,-,-,-,-,-
238,5030,Mít mật,"Jack fruit, honey",82.2,62,1.5,14.0,1.2,1.1,21,0.40,-,,-,28,-,-,-,-,-
239,5031,Mơ,"Apricot, Apricot nectar",87.1,48,0.9,10.1,0.8,0.7,28,2.10,0.4,,0.080,26,259,1,0.20,78,0.1
240,5032,Mơ khô,"Apricot dried, unsulfured",25.9,273,3.0,62.8,4.1,3.1,62,4.50,1.1,,0.240,106,1162,10,0.39,343,2.2
241,5033,"Muỗm, quéo","Mango, common; Indian mango, unripe",82.9,67,0.6,15.3,0.4,0.4,4,0.20,0.4,,-,4,-,-,-,-,-
242,5034,Na,"Sugarapple, sweetsop",82.5,66,1.6,14.2,0.8,0.6,35,0.60,0.3,,0.170,45,260,22,0.21,200,0.6
243,5035,Nhãn,Longan,86.3,48,0.9,10.9,1.0,0.8,21,0.40,0.1,,0.100,12,257,26,0.29,150,-
244,5036,Nhãn khô,"Longan, dried",25.0,285,4.3,65.9,1.7,2.6,32,4.40,0.5,,0.250,117,658,48,0.22,807,-
245,5037,Nho ngọt,"Grape, European, sweet",82.1,68,0.4,16.3,0.6,0.4,17,0.60,0.2,,0.070,22,191,2,0.07,127,0.1
246,5038,Nho ta (nho chua),"Grape fruit, sour",93.6,14,0.4,3.1,2.4,0.5,40,1.40,-,,0.070,21,120,11,0.17,160,-
247,5039,Nhót,Silver berry,94.0,13,1.2,2.1,2.3,0.4,27,0.20,-,,-,30,-,-,-,-,-
248,5040,ổi,"Guava, common",85.0,38,0.6,6.8,6.0,0.7,10,1.30,1.0,,0.150,16,291,4,2.40,20,0.6
249,5041,Quả bơ vỏ tím,"Avocado, purple",88.3,74,1.8,2.8,0.4,0.5,49,1.40,6.2,,-,69,-,-,-,-,-
250,5042,Quả bơ vỏ xanh,"Avocado, green",85.4,101,1.9,2.3,0.5,0.5,60,1.60,9.4,,0.100,85,351,2,0.40,311,-
251,5043,Quả cóc,-,83.9,58,1.8,12.8,0.9,0.6,38,1.60,-,,-,24,-,-,-,-,-
252,5044,Quả thanh long,Dragon's eyes fruit,87.6,40,1.3,8.7,1.8,0.6,11,0.60,-,,-,11,-,-,-,-,-
253,5045,Quả trứng gà,-,73.4,106,4.3,21.3,-,0.6,101,-,0.4,,-,270,-,-,-,-,-
254,5046,Quất chín (cả vỏ),"Mandarin, whole fruit",89.0,26,0.9,5.5,4.1,0.5,124,0.30,-,,-,42,-,-,-,-,-
255,5047,Quít,Tangerine; Orange; Mandarin,89.5,39,0.8,8.3,0.6,0.5,35,0.40,0.3,,0.080,17,111,4,0.20,100,0.4
256,5048,Sầu riêng,"Durian, Civet",66.8,132,2.5,26.9,1.4,0.8,20,0.90,1.6,,0.330,63,601,1,0.28,0,-
257,5049,Sấu chín,"Sanpidus, ripe",87.0,38,1.3,8.2,2.7,0.8,100,-,-,,-,44,-,-,-,-,-
258,5050,Táo ta,"Jujube, common or Chinese; Chinese date",89.5,38,0.8,8.3,0.7,0.5,44,0.20,0.2,,0.080,25,250,3,0.05,73,-
259,5051,Táo tây,"Apple, common, domestic",87.2,48,0.5,11.0,0.6,0.5,19,2.50,0.2,,0.060,13,102,15,0.20,100,0.2
260,5052,Vải,Litchi; lychee,87.8,45,0.7,9.6,1.1,0.4,6,0.50,0.4,,0.060,34,171,1,0.07,148,0.6
261,5053,Vải khô,"Litchi, dried with shells",34.9,260,3.0,57.6,1.0,1.6,25,4.40,1.9,,0.230,58,1110,3,0.28,631,1.3
262,5054,Vú sữa,"Starapple, cainito",86.5,42,1.0,9.4,2.3,0.8,68,0.40,-,,-,32,-,-,-,-,-
263,5055,Xoài chín,"Mango, common; India mango, ripe",82.6,62,0.6,14.1,1.8,0.6,10,0.40,0.3,,0.280,13,114,2,0.56,150,0.6
264,5056,Quả kiwi,Kiwi fruit,83.1,56,1.1,11.7,3.0,0.6,34,0.31,0.5,,0.100,34,312,3,0.14,130,0.2
265,6001,Bơ,"Butter, unsalted",15.4,756,0.5,0.5,0.0,0.1,12,0.10,83.5,,0.000,12,24,11,0.09,16,1
266,6002,"Dầu thảo mộc (Lạc, vừng, cám...)","Vegetable oil, mix",0.3,897,0.0,0.0,0.0,0.0,-,-,99.7,,-,-,-,-,-,-,-
267,6003,Mỡ lợn muối,"Lard, salted",3.0,827,2.0,0.0,0.0,4.0,-,-,91.0,,-,-,-,-,-,-,-
268,6004,Mỡ lợn nước,"Lard, liquid",0.4,896,0.0,0.0,0.0,0.0,2,0.30,99.6,,-,12,-,-,-,-,-
269,6005,Bơ thực vật,"Butter-margarine blend, stick, unsalted",18.5,729,0.5,0.1,0.0,0.2,17,-,80.7,,0.000,13,25,2,0.02,0,0
270,6006,Dầu bông,"Cottonseed oil, salad or cooking",0.0,900,0.0,0.0,0.0,0.0,-,-,100.0,,-,-,-,-,-,-,-
271,6007,Dầu cám gạo,Rice bran oil,0.0,900,0.0,0.0,0.0,0.0,-,0.07,100.0,,-,-,-,-,-,-,-
272,6008,Dầu cọ,Palm oil,0.0,900,0.0,0.0,0.0,0.0,-,-,100.0,,-,-,-,-,-,-,-
273,6009,Dầu dừa,Coconut oil,0.0,900,0.0,0.0,0.0,0.0,-,0.04,100.0,,-,-,-,-,-,-,-
274,6010,Dầu đậu tương,"Soybean oil, salad or cooking",0.0,900,0.0,0.0,0.0,0.0,-,0.02,100.0,,-,-,-,-,-,-,-
275,6011,Dầu lạc,"Peanut oil, salad or cooking",0.0,900,0.0,0.0,0.0,0.0,-,0.03,100.0,,-,-,-,-,-,-,-
276,6012,Dầu mè,"Sesame oil, salad or cooking",0.0,900,0.0,0.0,0.0,0.0,-,-,100.0,,-,-,-,-,-,-,-
277,6013,Dầu ngô,"Corn oil, salad or cooking",0.0,900,0.0,0.0,0.0,0.0,-,-,100.0,,-,-,-,-,-,-,-
278,6014,Dầu oliu,"Olive oil, salad or cooking",0.0,900,0.0,0.0,0.0,0.0,1,0.56,100.0,,-,-,1,2,-,-,-
279,7001,Thịt bê mỡ,"Veal meat, lean and fat",72.8,144,19.0,0.0,0.0,0.7,8,1.70,7.5,,0.030,188,329,76,2.55,110,8.5
280,7002,Thịt bê nạc,"Veal meat, lean only",78.2,85,20.0,0.0,0.0,1.3,8,1.70,0.5,,0.030,176,348,80,2.73,116,8.7
281,7003,Thịt bò loại I,"Beef, grade I",74.1,118,21.0,0.0,0.0,1.1,12,3.10,3.8,,-,226,378,83,2.20,160,-
282,7004,Thịt bò loại II,"Beef, grade II",70.5,167,18.0,0.0,0.0,1.0,10,2.70,10.5,,-,194,-,-,-,-,-
283,7005,"Thịt bò, lưng, nạc","Beef, top loin, seperable lean only, trimmed to 1/8"" fat, prime, raw",72.7,127,23.1,0.0,0.0,1.0,23,1.63,3.9,,0.010,214,361,57,4.05,78,31.2
284,7006,"Thịt bò, lưng, nạc và mỡ","Beef, top loin, seperable lean only, trimmed to 1/4"" fat, prime, raw",67.4,182,21.5,0.0,0.0,0.9,5,1.78,10.7,,0.010,185,349,59,3.64,78,17.8
285,7007,Thịt bồ câu ra ràng,Pigeon young bird flesh skin and giblets,51.7,340,17.5,0.0,0.0,0.8,45,5.40,30.0,,0.020,217,199,54,2.20,437,13.3
286,7008,Thịt chó sấn,Dog meat,53.0,338,16.0,0.0,0.0,0.6,16,1.00,30.4,,-,43,-,-,-,-,-
287,7009,Thịt chó vai,"Dog, shoulder",63.8,230,18.0,0.0,0.0,0.6,20,0.70,17.6,,-,36,-,-,-,-,-
288,7010,"Thịt cừu, nạc","Mutton meat, lean",65.8,219,16.4,0.0,0.0,0.8,9,2.50,17.0,,0.040,177,256,91,2.90,160,17.8
289,7011,"Thịt dê, nạc","Goat, meat, lean",74.4,122,20.7,0.0,0.0,0.6,11,2.00,4.3,,0.040,129,385,82,4.00,256,8.8
290,7012,Thịt gà rừng,Grouse field chicken,69.7,141,24.4,0.0,0.0,1.1,14,0.40,4.8,,-,263,-,-,-,-,-
291,7013,Thịt gà ta,"Chicken meat, average",65.6,199,20.3,0.0,0.0,1.0,12,1.50,13.1,,0.020,200,189,70,1.50,48,14.4
292,7014,Thịt gà tây,Turkey raw flesh and skin giblets,63.6,218,20.1,0.0,0.0,1.0,24,3.20,15.3,,0.020,320,236,66,2.67,127,26.4
293,7015,Thịt hươu,Deer meat,77.9,94,19.0,0.0,0.0,1.1,11,2.80,2.0,,0.040,205,318,51,2.09,253,9.7
294,7016,Thịt lợn mỡ,"Pork, lean and fat",47.5,394,14.5,0.0,0.0,0.7,8,0.40,37.3,,0.010,156,253,42,1.59,55,28.4
295,7017,Thịt lợn nạc,"Pork, lean",73.0,139,19.0,0.0,0.0,1.0,7,0.96,7.0,,0.010,190,341,76,2.50,190,23.9
296,7018,"Thịt lợn nửa nạc, nửa mỡ","Pork, medium fat",60.9,260,16.5,0.0,0.0,1.1,9,1.50,21.5,,0.010,178,285,55,1.91,63,28.7
297,7019,Thịt ngỗng,Goose,46.1,409,14.0,0.0,0.0,0.7,13,1.80,39.2,,0.020,210,308,73,1.72,270,14.4
298,7020,Thịt ngựa,Horse meat,66.8,176,21.5,0.0,0.0,1.7,13,3.10,10.0,,0.020,200,291,62,4.61,140,6
299,7021,Thịt thỏ nhà,"Rabbit meat, raw",69.3,158,21.5,0.0,0.0,1.2,21,1.60,8.0,,0.030,224,330,41,1.57,145,23.7
300,7022,Thịt thỏ rừng,Hare rabbit (field or wild),74.3,103,23.5,0.0,0.0,1.2,17,4.80,1.0,,-,226,378,50,-,-,9.4
301,7023,Thịt trâu,"Buffalo meat, average",76.3,97,20.4,0.9,0.0,1.1,12,1.61,1.4,,-,197,297,53,1.93,151,9
302,7024,Thịt trâu bắp,Buffalo meat (shoulder),74.2,115,21.9,0.0,0.0,0.9,30,-,3.0,,-,150,-,-,-,-,-
303,7025,Thịt trâu cổ,"Buffalo meat, neck",74.9,112,20.9,0.0,0.0,1.1,20,-,3.1,,-,160,-,-,-,-,-
304,7026,Thịt trâu đùi,"Buffalo meat, leg",74.9,112,21.2,0.0,0.0,0.9,20,-,3.0,,-,215,-,-,-,-,-
305,7027,Thịt trâu thăn,"Buffalo meat, lean (loin)",73.0,121,22.8,0.0,0.0,0.9,26,3.30,3.3,,-,165,-,-,-,-,-
306,7028,Thịt vịt,"Duck meat, average",59.5,267,17.8,0.0,0.0,0.9,13,1.80,21.8,,0.020,145,209,63,1.36,236,12.4
307,7029,Bầu dục bò,"Beef, kidney",84.3,67,12.5,0.3,0.0,1.1,9,7.10,1.8,,0.100,219,262,200,1.92,323,141
308,7030,Bầu dục lợn,"Pork, kidney",82.5,81,13.0,0.3,0.0,1.1,8,8.00,3.1,,0.100,223,390,121,2.75,445,190
309,7031,Bì lợn,Pork skin,73.3,118,23.3,0.0,0.0,0.7,11,0.40,2.7,,-,8,-,-,-,-,-
310,7032,Chân giò lợn,"Pork, leg",64.7,230,15.7,0.0,0.0,1.0,24,2.10,18.6,,0.020,106,315,47,1.93,65,29.4
311,7033,Dạ dày bò,"Stomach, beef",80.5,97,14.8,0.0,0.0,0.5,150,0.90,4.2,,0.090,85,67,97,1.42,70,12.5
312,7034,Dạ dày lợn,"Stomach, hog",81.7,85,14.6,0.0,0.0,0.8,8,1.40,2.9,,0.040,144,140,75,1.85,169,31.1
313,7035,Đầu bò,"Head beef (without tongue, brain, ears)",68.7,185,18.1,0.0,0.0,0.7,-,-,12.5,,-,-,-,-,-,-,-
314,7036,Đầu lợn,"Hog, head",54.6,335,13.4,0.0,0.0,0.7,-,-,31.3,,-,-,-,-,-,-,-
315,7037,Đuôi bò,"Beef, tail",73.0,137,19.7,0.0,0.0,0.8,7,2.50,6.5,,-,162,-,-,-,-,-
316,7038,Đuôi lợn,"Hog, tail",41.8,467,10.8,0.0,0.0,0.3,18,0.99,47.1,,0.010,50,349,63,2.31,84,2.7
317,7039,Gan bò,"Beef, liver",75.2,109,17.4,3.0,0.0,1.3,5,9.00,3.1,,0.300,340,213,110,4.00,1500,39.7
318,7040,Gan gà,Chicken liver,75.0,111,18.2,2.0,0.0,1.4,21,8.20,3.4,,0.200,260,335,71,2.67,300,54.6
319,7041,Gan lợn,Pork liver,74.1,116,18.8,2.0,0.0,1.5,7,12.00,3.6,,0.300,353,447,110,5.76,510,52.7
320,7042,Gan vịt,Duck liver,74.1,122,17.1,2.8,0.0,1.3,17,4.80,4.7,,0.260,177,230,140,3.07,5962,67
321,7043,Gân chân bò,-,69.2,124,30.2,0.0,0.0,0.3,-,-,0.3,,-,-,-,-,-,-,-
322,7044,Lưỡi bò,Beef tongue,73.2,164,13.6,0.2,0.0,0.9,7,3.00,12.1,,0.030,162,315,69,2.87,170,9.4
323,7045,Lưỡi lợn,"Hog, tongue",70.8,178,14.2,1.4,0.0,0.8,7,2.40,12.8,,0.010,118,243,110,3.01,70,10.4
324,7046,Lòng lợn (ruột già),"Hog, intestine large raw",76.6,167,6.9,0.8,0.0,0.6,12,0.50,15.1,,-,55,-,-,-,-,-
325,7047,Lòng lợn (ruột non),Hog intestine small raw without fat,90.5,44,7.2,0.8,0.0,0.2,7,0.80,1.3,,-,48,-,-,-,-,-
326,7048,Mề gà,Chicken gizzard,75.6,99,21.3,0.6,0.0,1.2,48,6.60,1.3,,0.060,150,237,69,2.72,116,25.5
327,7049,óc bò,Brain beef,79.4,124,9.0,0.5,0.0,1.6,6,0.90,9.5,,0.030,311,274,126,1.02,287,21.3
328,7050,óc lợn,Hog brain,80.1,123,9.0,0.4,0.0,1.0,7,1.60,9.5,,0.090,311,258,120,1.27,240,15.9
329,7051,Phổi bò,"Beef, lung",79.1,103,15.2,0.0,0.0,1.0,10,6.70,4.7,,0.020,195,340,198,1.61,260,44.3
330,7052,Phổi lợn,"Hog lung, raw",80.6,92,14.8,0.0,0.0,1.0,9,6.40,3.6,,0.020,230,303,153,2.03,83,17.8
331,7053,Sườn lợn,"Pork, ribs",68.2,187,17.9,0.0,0.0,1.1,7,0.61,12.8,,0.010,160,200,60,3.60,100,6.9
332,7054,Tai lợn,Hog ears,72.9,126,21.0,1.3,0.0,0.7,21,2.40,4.1,,0.120,41,55,191,0.19,6,4.3
333,7055,Tim bò,"Beef, heart",80.4,89,15.0,0.6,0.0,1.0,5,5.40,3.0,,0.040,185,287,98,1.70,396,21.8
334,7056,Tim gà,Chicken heart,77.5,114,16.0,0.0,0.0,1.0,12,5.96,5.5,,0.090,177,176,74,6.59,346,4.3
335,7057,Tim lợn,Hog heart,79.5,94,15.1,1.2,0.0,1.0,7,5.90,3.2,,0.060,213,294,56,2.80,408,10.4
336,7058,Tiết bò,"Beef, blood",80.4,75,18.0,0.4,0.0,1.0,8,52.60,0.2,,-,31,-,-,-,-,-
337,7059,Tiết lợn luộc,"Hog blood, boiled",86.8,44,10.7,0.0,0.0,2.4,7,25.90,0.1,,-,12,-,-,-,-,-
338,7060,Tiết lợn sống,"Hog blood, raw",91.9,25,5.7,0.2,0.0,2.1,7,20.40,0.1,,-,7,-,-,-,-,-
339,7061,Tủy xương bò,Beef bone marrow,8.7,814,1.1,0.0,0.0,0.3,89,-,89.9,,-,-,-,-,-,-,-
340,7062,Tủy xương lợn,"Hog, bone marrow",15.0,749,2.3,0.0,0.0,0.5,-,-,82.2,,-,-,-,-,-,-,-
341,7063,Ba tê,Pa tê,47.5,326,10.8,15.4,0.0,1.7,26,4.20,24.6,,-,88,-,-,-,-,-
342,7064,Chả lợn,"Pork, mince fat meat grilled",32.6,517,10.8,5.1,0.0,1.1,20,-,50.4,,-,100,-,-,-,-,-
343,7065,Chả quế lợn,"Pork, cinnamon mince grilled",42.5,416,16.2,0.0,0.0,2.3,16,2.10,39.0,,-,45,-,-,-,-,-
344,7066,Dăm bông lợn,"Ham, pork",48.7,318,23.0,0.3,0.0,3.0,10,2.10,25.0,,-,110,-,-,-,-,-
345,7067,Dồi lợn,Blood mix-pudding with viscera in large intestine,78.9,114,12.4,0.0,0.0,1.6,28,-,7.1,,-,23,-,-,-,-,-
346,7068,Giò bò,Beef dumpling,48.8,357,13.8,0.0,0.0,3.9,18,3.20,33.5,,-,12,-,-,-,-,-
347,7069,Giò lụa,"Pork, mince lean meat steamed",72.0,136,21.5,0.0,0.0,1.0,-,-,5.5,,-,-,-,-,-,-,-
348,7070,Giò thủ lợn,"Pork, head meat, steamed",29.0,553,16.0,0.0,0.0,0.7,-,-,54.3,,-,-,-,-,-,-,-
349,7071,Lạp xường,Chinese sausage,18.8,585,20.8,1.7,0.0,3.7,52,3.00,55.0,,-,175,-,-,-,-,-
350,7072,Nem chạo,-,68.1,153,16.6,6.9,0.0,1.9,24,1.60,6.5,,-,-,-,-,-,-,-
351,7073,Nem chua,"Pork mince, fermented",68.0,137,21.7,4.3,0.0,2.3,24,-,3.7,,-,78,-,-,-,-,-
352,7074,Ruốc thịt lợn,-,25.8,369,46.6,0.0,0.0,7.3,29,0.30,20.3,,-,16,-,-,-,-,-
353,7075,Thịt bò khô,Dried beef,32.4,239,51.0,5.2,0.0,9.8,31,8.10,1.6,,-,476,-,-,-,-,-
354,7076,Thịt trâu khô,-,36.4,226,50.4,0.0,0.0,10.5,-,-,2.7,,-,-,-,-,-,-,-
355,7077,Xúc xích,Pork sausage,17.0,535,27.2,0.0,0.0,8.4,7,1.90,47.4,,-,139,-,-,-,-,-
356,7078,Bột cóc,Toad meat powder,7.2,342,55.4,0.0,0.0,24.0,-,-,13.4,,-,-,-,-,-,-,-
357,7079,Châu chấu,Locust,71.1,130,24.3,0.0,0.0,1.0,210,0.40,3.6,,-,270,-,-,-,-,-
358,7080,ếch (thịt đùi),Frog,75.0,90,20.0,0.0,0.0,3.9,18,1.50,1.1,,-,147,285,58,1.00,250,14.1
359,7081,Nhộng,Silk worm,79.7,111,13.0,0.0,0.0,0.8,40,-,6.5,,-,109,-,-,-,-,-
360,7082,Lòng gà (cả bộ),Chicken giblets,74.9,119,17.9,1.8,0.0,1.0,10,5.86,4.5,,0.150,197,228,77,3.32,243,55.2
361,8001,Cá bống,"Goby, gudgeon",81.9,70,15.8,0.0,0.0,1.5,17,0.90,0.8,,-,181,-,-,-,-,-
362,8002,Cá chày,Pond fish,75.1,113,20.1,0.0,0.0,1.2,63,0.20,3.6,,-,176,-,-,-,-,-
363,8003,Cá chép,Carp,79.1,96,16.0,0.0,0.0,1.3,17,0.90,3.6,,0.040,184,397,49,1.48,57,12.6
364,8004,Cá dưa,Conger pike,75.6,115,17.6,0.0,0.0,1.8,64,-,5.0,,-,70,-,-,-,-,-
365,8005,Cá dầu,-,75.1,96,18.9,0.0,0.0,3.7,527,-,2.3,,-,885,-,-,-,-,-
366,8006,Cá diếc,"Mullet, harder",78.9,87,17.7,0.0,0.0,1.6,70,0.80,1.8,,-,152,-,-,-,-,-
367,8007,Cá đao,"Sawfish, wolfherring",78.3,94,18.3,0.0,0.0,1.1,36,-,2.3,,-,50,-,-,-,-,-
368,8008,Cá đé,Chinese herring,78.8,83,18.7,0.0,0.0,1.6,80,-,0.9,,-,130,-,-,-,-,-
369,8009,Cá đối,"Mullet, gray mullet",76.0,108,19.5,0.0,0.0,1.2,21,1.00,3.3,,0.020,224,357,65,0.52,51,36.5
370,8010,Cá đồng tiền,Goby,76.4,98,20.1,0.0,0.0,1.5,90,-,2.0,,-,100,-,-,-,-,-
371,8011,Cá hồi,Salmon,71.3,136,22.0,0.0,0.0,1.4,13,1.10,5.3,,0.010,230,423,46,0.41,51,36.5
372,8012,"Cá khô (chim, thu, nụ, đé)","Dried fish, miscellaneous",37.8,208,43.3,0.0,0.0,15.0,120,0.90,3.9,,-,95,-,-,-,-,-
373,8013,Cá lác,-,78.1,71,16.7,0.0,0.0,4.7,80,-,0.5,,-,210,-,-,-,-,-
374,8014,Cá mè,"Hypophthalmichthys, chub, dory, tench bream",74.7,144,15.4,0.0,0.0,0.8,157,-,9.1,,-,215,-,-,-,-,-
375,8015,Cá mòi,Sardin,75.3,124,17.5,0.0,0.0,1.2,80,3.00,6.0,,-,240,-,100,-,170,58
376,8016,Cá mỡ,-,72.7,151,16.8,0.0,0.0,1.2,42,1.40,9.3,,-,173,-,-,-,-,-
377,8017,Cá mối,-,73.3,116,22.1,0.0,0.0,1.5,60,-,3.1,,-,102,-,-,-,-,-
378,8018,Cá nạc,Fish low fat,80.0,80,17.5,0.0,0.0,1.4,42,1.40,1.1,,-,173,-,-,-,-,-
379,8019,Cá ngừ,"Flying fish, tuna",77.5,87,21.0,0.0,0.0,1.2,44,1.00,0.3,,0.010,206,518,78,0.52,64,36.5
380,8020,Cá nục,"Scad, anchovy",74.9,111,20.2,0.0,0.0,1.6,85,3.25,3.3,,0.070,160,383,104,1.72,211,36.5
381,8021,Cá phèn,"Goatfish, surmullet, red mullet",78.2,104,15.9,0.0,0.0,1.4,40,-,4.5,,-,50,-,-,-,-,-
382,8022,Cá quả,"Fish, snake head",78.0,97,18.2,0.0,0.0,1.1,90,-,2.7,,-,240,-,-,-,-,-
383,8023,Cá rô đồng,Anabas,74.2,126,19.1,0.0,0.0,1.2,26,0.25,5.5,,-,151,-,-,-,-,-
384,8024,Cá rô phi,"Tilapia, African carp",76.8,100,19.7,0.0,0.0,1.2,50,0.53,2.3,,-,148,-,-,-,-,-
385,8025,Cá thờn bơn (cá bơn),"Flounder, sole, turbot",81.3,73,17.4,0.0,0.0,0.9,36,-,0.4,,-,45,-,-,-,-,-
386,8026,Cá thu,"Mackerel, codfish, kingfish",70.2,166,18.2,0.0,0.0,1.3,50,1.30,10.3,,-,90,486,110,-,200,-
387,8027,Cá thu đao,-,70.3,156,20.0,0.0,0.0,1.3,22,3.00,8.4,,0.020,190,406,86,0.67,93,36.5
388,8028,Cá trạch (cá chạch),Loach,74.2,110,20.4,0.0,0.0,2.2,109,0.20,3.2,,-,231,-,-,-,-,-
389,8029,Cá trắm cỏ,"Carp, amur",79.4,91,17.0,0.0,0.0,1.0,57,0.10,2.6,,-,145,-,-,-,-,-
390,8030,Cá trê,"Catfish, silurus, sheatfish, hito",70.4,173,16.5,0.0,0.0,1.2,20,1.00,11.9,,0.020,210,299,53,0.74,101,12.6
391,8031,Cá trích,Herring,70.5,166,17.7,0.0,0.0,1.2,64,2.80,10.6,,0.020,174,423,160,0.53,300,36.5
392,8032,Cá trôi,"Major carp, mud carp; cirrhina molitorella",74.3,127,18.8,0.0,0.0,1.2,76,0.05,5.7,,-,185,-,-,-,-,-
393,8033,Cua bể,"Crab, sea water",72.2,103,17.5,7.0,0.0,2.7,141,3.80,0.6,,-,191,322,316,1.40,-,-
394,8034,Cua đồng,"Crab, fresh water",74.4,87,12.3,2.0,0.0,8.0,120,1.40,3.3,,-,171,266,453,-,-,-
395,8035,ghẹ,Crab,85.5,54,11.9,0.0,0.0,1.9,89,0.74,0.7,,0.150,229,329,293,3.54,669,37.4
396,8036,Hải sâm,"Sea slug, sea cucumber",76.9,90,21.5,0.2,0.0,1.1,118,1.40,0.3,,-,22,-,-,-,-,-
397,8037,Hến,Clam,88.8,45,4.5,5.1,0.0,0.9,144,1.60,0.7,,-,86,-,-,-,-,-
398,8038,Lươn,"Eel, silver - pike",68.3,180,18.4,0.2,0.0,1.4,35,1.00,11.7,,0.040,164,272,51,1.62,23,6.5
399,8039,Mực khô,"Dried cuttle fish, squid",26.2,291,60.1,2.5,0.0,6.7,27,5.60,4.5,,-,287,-,-,-,-,-
400,8040,Mực tươi,"Cuttle fish, raw (Squid)",81.4,73,16.3,0.0,0.0,1.4,14,0.60,0.9,,0.040,150,273,44,0.70,1891,44.8
401,8041,ốc bươu,"Snail medium - size, edible",76.8,84,11.1,8.3,0.0,3.1,1310,-,0.7,,-,64,-,-,-,-,-
402,8042,ốc đá,"Marble snail, edible",80.3,63,11.2,3.9,0.0,4.3,1660,-,0.3,,-,83,-,-,-,-,-
403,8043,ốc nhồi,"Snail large, edible",77.6,84,11.9,7.6,0.0,2.2,1357,-,0.7,,-,191,-,-,-,-,-
404,8044,ốc vặn,Helix,79.1,72,12.2,4.3,0.0,3.7,1356,-,0.7,,-,51,-,-,-,-,-
405,8045,"Rạm (muối, đồ)","Small sea - crab bicled, steamed",64.4,83,14.2,0.0,0.0,18.5,4820,-,2.9,,-,330,-,-,-,-,-
406,8046,Rạm tươi,Small sea - crab,78.2,77,12.9,0.0,0.0,6.1,3520,-,2.8,,-,180,-,-,-,-,-
407,8047,Rươi,Tylorhynchus sinensis,81.9,89,12.4,0.0,0.0,1.3,66,1.80,4.4,,-,57,-,-,-,-,-
408,8048,Sò,Oyster,82.1,78,9.5,4.9,0.0,1.2,37,1.90,2.3,,0.600,82,223,380,13.40,1576,77
409,8049,Tép gạo,Tiny shrimp,84.5,58,11.7,0.0,0.0,2.6,910,-,1.2,,-,218,-,-,-,-,-
410,8050,Tép khô,"Tiny shrimp, dried",23.0,269,59.8,0.7,0.0,13.5,2000,5.50,3.0,,-,605,-,-,-,-,-
411,8051,Tôm biển,"Sea shrimp, sea-water shrimp",79.2,82,17.6,0.9,0.0,1.4,79,1.60,0.9,,0.050,184,185,148,1.11,264,38
412,8052,Tôm đồng,Fresh-water shrimp,76.9,90,18.4,0.0,0.0,2.9,1120,2.20,1.8,,-,150,316,418,-,-,58.8
413,8053,Tôm khô,"Shrimp, dried",12.6,347,75.6,2.5,0.0,5.5,236,4.60,3.8,,-,995,-,-,-,-,-
414,8054,Trai,Manodonta,89.9,38,4.6,2.5,0.0,1.9,668,1.50,1.1,,0.500,107,314,56,1.37,344,24.3
415,8055,Bánh phồng tôm rán,Deep fried shrimp paste,3.8,676,1.6,34.1,0.0,1.3,175,-,59.2,,-,30,-,-,-,-,-
416,8056,Bánh phồng tôm sống,Shrimp paste,12.0,381,3.4,75.3,0.0,1.9,258,-,7.4,,-,50,-,-,-,-,-
417,8057,Bột cá,Fish flour with bones,11.6,323,71.2,3.0,0.0,11.3,505,50.00,2.9,,-,207,-,-,-,-,-
418,8058,Ruốc cá quả,"Shredded snake-head fish, salted and dried",14.0,312,65.7,3.0,0.0,13.2,26,-,4.1,,-,654,-,-,-,-,-
419,8059,Ruốc tôm,"Shredded shrimp, salted and dried",13.1,305,65.5,3.7,0.0,14.6,-,-,3.1,,-,-,-,-,-,-,-
420,9001,Trứng gà,"Hen egg, raw, whole",72.0,166,14.8,0.5,0.0,1.1,55,2.70,11.6,,0.040,210,176,158,0.90,55,31.7
421,9002,Lòng đỏ trứng gà,"Hen egg, yolk",54.0,327,13.6,1.0,0.0,1.6,134,7.00,29.8,,0.060,532,169,108,3.70,125,18.3
422,9003,Lòng trắng trứng gà,"Hen egg, white",88.0,46,10.3,1.0,0.0,0.6,19,0.30,0.1,,0.010,16,172,215,0.20,25,6.8
423,9004,Trứng vịt,"Duck egg, whole",70.0,184,13.0,1.0,0.0,1.8,71,3.20,14.2,,0.040,210,258,191,0.80,62,36.4
424,9005,Lòng đỏ trứng vịt,"Duck egg, yolk",47.5,364,13.6,4.8,0.0,1.8,146,5.60,32.3,,-,328,-,-,-,-,-
425,9006,Lòng trắng trứng vịt,"Duck egg, white",87.8,47,10.7,0.8,0.0,0.6,6,-,0.1,,-,8,-,-,-,-,-
426,9007,Trứng chim cút,Quail egg,74.4,154,13.1,0.4,0.0,1.1,64,3.65,11.1,,0.040,226,132,141,1.47,62,32
427,9008,Trứng cá,Fish roe,64.9,171,20.5,0.0,0.0,4.7,28,1.10,9.9,,-,230,-,-,-,-,-
428,9009,Trứng cá muối,"Fish caviar, black and red, granule",47.5,274,24.6,3.5,0.0,6.5,275,11.88,17.9,,0.050,356,181,1500,0.95,110,65.5
429,9010,Trứng vịt lộn,"Duck egg, embryonated",67.0,182,13.6,4.0,0.0,3.0,82,3.00,12.4,,-,212,-,-,-,-,-
430,9011,Bột trứng,Chicken egg powder,8.5,563,44.0,1.8,0.0,3.5,186,9.30,42.2,,-,786,-,-,-,-,-
431,10001,Sữa bò tươi,"Milk cow, fresh (fluid)",86.2,74,3.9,4.8,0.0,0.7,120,0.10,4.4,,0.000,95,143,380,0.40,20,1.2
432,10002,Sữa dê tươi,"Milk goat's, whole",87.2,69,3.5,4.5,0.0,0.7,147,0.10,4.1,,0.020,126,204,50,0.30,46,1.4
433,10003,Sữa mẹ (sữa người),"Breast milk (Human milk, whole)",88.3,61,1.5,7.0,0.0,0.2,34,0.10,3.0,,0.010,15,41,15,0.40,14,1.8
434,10004,Sữa chua (từ sữa bò),Yogurt (whole milk),88.7,61,3.3,3.6,0.0,0.7,120,0.10,3.7,,0.000,95,155,46,0.59,9,2.2
435,10005,Sữa chua vớt béo,"Yogurt, chocolate, nonfat milk",71.6,103,3.5,22.3,1.2,1.4,143,0.06,0.0,,-,109,339,135,1.13,209,7
436,10006,Sữa bột toμn phần,"Milk powder, whole",3.5,494,27.0,38.0,0.0,5.5,939,1.10,26.0,,0.040,790,1330,371,3.34,80,16.3
437,10007,Sữa bột tách béo,Skimmed milk powder,4.0,357,35.0,52.0,0.0,8.0,1400,0.45,1.0,,0.020,980,1794,535,4.08,41,27.3
438,10008,Sữa đặc có đường Việt Nam,"Milk condensed, sweetened",25.4,336,8.1,56.0,0.0,1.7,307,0.60,8.8,,-,219,-,-,-,-,-
439,10009,Pho mát,Cheese (whole fat),38.9,380,25.5,0.0,0.0,4.7,760,0.50,30.9,,0.010,424,98,621,3.11,31,13.9
440,11001,Chuối nước đường,"Banana, canned, sweetened",83.9,58,0.5,13.9,1.3,0.4,12,0.60,0.0,,-,160,-,-,-,-,-
441,11002,Dưa chuột hộp,Cucumber (canned),94.1,8,0.3,1.2,3.1,1.1,12,0.30,0.2,,0.010,16,23,1208,0.02,85,0
442,11003,Dứa hộp,"Pineapple, canned, sweetened",85.7,53,0.4,12.7,0.8,0.3,20,0.30,0.1,,1.100,12,105,1,0.12,103,0.4
443,11004,Lạc chao dầu,"Peanut, oil fried",1.8,680,25.7,10.3,-,2.7,-,-,59.5,,-,-,-,-,-,-,-
444,11005,Mắc coọc nước đường,Pyrus pachis in syrup,85.1,56,0.2,13.7,0.7,0.3,20,0.40,0.0,,-,16,-,-,-,-,-
445,11006,Mận nước đường,"Plum, canned, sweetened",83.0,64,0.4,15.4,0.9,0.2,16,0.86,0.1,,0.030,15,93,20,0.08,38,0
446,11007,Mứt bí ngô,Dried preserved squash,49.4,198,0.5,49.1,0.7,0.3,32,-,0.0,,-,92,-,-,-,-,-
447,11008,Mứt cam có vỏ,"Orange marmalade, jellies",42.8,218,0.4,54.2,2.2,0.4,28,0.26,0.0,,-,22,-,-,-,-,-
448,11009,Mứt chuối,Banana jam,43.8,218,0.7,53.9,1.3,0.3,28,0.30,0.0,,-,28,-,-,-,-,-
449,11010,Mứt dứa,Pineapple jam,47.2,208,0.5,51.5,0.4,0.4,20,0.30,0.0,,-,16,-,-,-,-,-
450,11011,Mứt đu đủ,Papaya jam,53.2,178,0.4,44.1,2.0,0.3,24,-,0.0,,-,30,-,-,-,-,-
451,11012,Nhãn nước đường,"Longan, canned, sweetened",83.3,62,0.5,15.0,1.0,0.2,12,0.30,0.0,,-,230,-,-,-,-,-
452,11013,Nước dứa hộp,Pineapple juice,86.4,53,0.4,12.6,0.2,0.3,32,0.30,0.1,,0.500,12,130,2,0.11,69,0.1
453,11014,Vải nước đường,"Litchi, canned, sweetened",83.6,60,0.4,14.7,1.1,0.2,8,0.60,0.0,,-,160,-,-,-,-,-
454,11015,Cá thu hộp,"Mackerel, canned",57.5,207,24.8,0.0,-,5.7,50,1.60,12.0,,-,260,-,-,-,-,-
455,11016,Cá trích hộp,"Herring, canned",56.7,233,22.3,3.5,-,3.1,86,2.30,14.4,,-,437,-,-,-,-,-
456,11017,Thịt bò hộp,"Beef, canned",61.4,251,16.4,0.0,-,1.6,13,2.90,20.6,,-,250,-,-,-,-,-
457,11018,Thịt gà hộp,"Chicken, canned",59.0,273,17.0,0.0,-,1.2,108,2.80,22.8,,-,138,-,-,-,-,-
458,11019,Thịt lợn hộp,"Pork, canned",49.0,344,17.3,2.7,-,1.7,9,1.20,29.3,,-,200,-,-,-,-,-
459,11020,"Thịt lợn, thịt bò xay hộp","Pork and beef, minced canned",62.8,244,16.0,0.0,-,1.2,8,2.10,20.0,,-,120,-,-,-,-,-
460,11021,Thịt vịt hầm,"Duck, stewed meat",59.9,224,19.6,0.0,-,4.3,-,-,16.2,,-,-,-,-,-,-,-
461,12001,Bánh bích cốt,Whole wheat rusk,12.0,346,12.3,71.3,0.8,2.3,39,2.70,1.3,,-,231,-,-,-,-,-
462,12002,Bánh bích quy,Biscuits,10.4,376,8.8,75.1,0.5,0.7,75,3.60,4.5,,-,79,-,-,-,-,-
463,12003,Bánh chả,Sweet meat pie in lumps,8.0,395,3.4,80.5,1.0,0.5,42,1.90,6.6,,-,29,-,-,-,-,-
464,12004,Bánh con cá,"Small biscuits, fish figured",10.0,368,7.5,79.6,0.2,0.5,54,2.90,2.2,,-,99,-,-,-,-,-
465,12005,Bánh đậu xanh,Mungbean cake,6.8,416,15.6,62.4,1.1,2.6,111,3.40,11.5,,-,273,-,-,-,-,-
466,12006,Bánh kem xốp,Wafers filled,1.9,492,8.3,60.7,3.5,1.6,86,0.80,24.0,,-,125,-,-,-,-,-
467,12007,Bánh khảo chay,"Rice cake, plain",5.8,376,3.2,90.2,0.2,0.3,2,0.10,0.3,,-,1,-,-,-,-,-
468,12008,Bánh quế,Cinnamon waffle (roll),3.6,435,8.3,76.4,0.3,0.7,33,2.00,10.7,,-,115,-,-,-,-,-
469,12009,Bánh sô cô la,"Chocolate, filled",8.5,449,3.9,68.8,0.0,1.2,58,3.70,17.6,,-,142,-,-,-,-,-
470,12010,Bánh thỏi sô cô la,"Chocolate, sweet",0.8,543,4.9,62.5,-,1.4,280,1.50,30.4,,-,280,-,-,-,-,-
471,12011,Bánh trứng nhện,Small biscuit,11.6,369,9.6,74.2,0.2,0.7,76,3.90,3.7,,-,140,-,-,-,-,-
472,12012,Bột ca cao,Cocoa powder,3.0,414,19.6,53.0,4.6,6.1,128,13.86,13.7,,3.840,734,1524,21,6.81,3788,14.3
473,12013,Đường cát,Refined sugar,1.7,390,0.0,97.4,0.0,0.9,178,5.80,0.0,,0.320,72,346,39,0.18,298,1.2
474,12014,Đường kính,Granulated sugar,0.5,397,0.0,99.3,0.0,0.2,0,0.06,0.0,,-,0,2,-,-,-,-
475,12015,Kẹo bơ cứng,"Toffee, sweets",8.8,448,2.1,71.1,0.0,0.8,64,0.76,17.2,,-,64,-,-,-,-,-
476,12016,Kẹo cà phê,Coffee sweets,6.6,378,0.0,91.5,0.0,0.6,-,-,1.3,,-,-,-,-,-,-,-
477,12017,Kẹo cam chanh,"Sweets, caramel with citron, orange aroma",5.4,377,0.0,93.1,0.3,0.7,23,1.40,0.5,,-,12,-,-,-,-,-
478,12018,Kẹo dừa mềm,Sweets with coconut aroma,8.5,415,0.6,75.6,2.5,0.6,16,0.40,12.2,,-,7,-,-,-,-,-
479,12019,Kẹo dứa mềm,Pineapple sweets candy,8.5,415,0.6,75.6,2.5,0.6,16,0.40,12.2,,-,7,-,-,-,-,-
480,12020,Kẹo lạc,Peanut candy,5.0,449,10.3,64.8,2.2,1.2,-,-,16.5,,-,-,-,-,-,-,-
481,12021,Kẹo Pastille (kẹo ngậm bạc hà),Menthol pastille,10.2,356,5.2,83.8,-,0.8,96,1.60,0.0,,-,18,-,-,-,-,-
482,12022,Kẹo sô cô la,Sweets with chocolate,6.8,388,1.6,85.1,1.2,0.7,-,-,4.6,,-,-,-,-,-,-,-
483,12023,Kẹo sữa,Sweets with milk,8.4,390,2.9,83.0,-,0.5,-,-,5.2,,-,-,-,-,-,-,-
484,12024,Kẹo vừng viên,Sesame candy,1.7,417,2.8,85.9,1.7,1.0,-,-,6.9,,-,-,-,-,-,-,-
485,12025,Mạch nha,Malt,15.0,331,0.2,82.5,0.0,2.3,-,-,0.0,,-,-,-,-,-,-,-
486,12026,Mật ong,Honey,18.0,327,0.4,81.3,0.0,0.3,5,0.90,0.0,,0.080,16,52,4,0.22,36,0.8
487,12027,Mứt lạc,Peanut sugar (Jam),1.8,431,5.4,82.9,0.7,0.6,-,-,8.6,,-,-,-,-,-,-,-
488,13001,Cary bột,"Cari powder (Mix, turmeric, red pepper and other spices)",10.0,283,8.2,46.0,8.9,19.6,906,-,7.3,,-,421,-,-,-,-,-
489,13002,Gừng khô (bột),"Ginger root, dried powder",9.4,323,9.1,58.3,12.5,4.8,180,11.52,5.9,,26.500,148,1343,32,4.72,480,38.5
490,13003,Củ gừng,"Ginger root, fresh",90.0,29,0.4,5.1,3.3,0.5,60,2.50,0.8,,0.230,8,316,7,0.34,226,0.7
491,13004,Hạt tiêu,"Peppercorn, seeds",13.5,231,7.0,34.1,33.5,4.5,732,4.60,7.4,,0.100,44,1259,44,0.30,100,0.7
492,13005,Muối,Table salt,1.0,0,0.0,0.0,0.0,99.0,150,0.81,0.0,,0.000,70,4,38758,0.00,0,0
493,13006,"Nghệ khô, bột","Turmeric rhizome, dried powder",11.4,295,7.8,43.8,21.1,6.0,146,18.60,9.9,,7.830,284,2525,38,4.35,603,4.5
494,13007,Nghệ tươi,"Turmeric, rhizome, fresh",86.7,25,1.1,4.4,6.5,1.0,12,-,0.3,,-,22,587,52,-,-,-
495,13008,ớt khô bột,"Red pepper, dried powder",12.0,227,15.6,31.8,23.6,12.8,85,17.00,4.2,,-,380,-,-,-,-,-
496,13009,Riềng,"Alpinia root, fresh",91.7,26,0.3,2.5,3.7,1.8,24,-,-,,-,28,-,-,-,-,-
497,13010,Magi,Soybean sauce,66.0,65,10.5,5.6,0.0,17.8,20,2.38,0.1,,0.500,130,212,5586,0.43,135,0.8
498,13011,Mắm tôm đặc,Shrimp sauce concentrate,48.0,73,14.8,0.0,0.0,35.7,-,-,1.5,,-,-,-,-,-,-,-
499,13012,Mắm tôm loãng,"Shrimp sauce, diluted",68.6,44,7.0,2.1,0.0,21.5,645,-,0.8,,-,226,-,-,-,-,-
500,13013,Mắm tép chua,"Tiny shrimp, sour sauce",55.5,68,8.7,5.5,0.0,29.1,-,-,1.2,,-,-,-,-,-,-,-
501,13014,Nước mắm cá (loại đặc biệt),Fish - sauce (super quality),60.0,60,15.0,0.0,0.0,25.0,387,2.70,0.0,,-,247,-,-,-,-,-
502,13015,Nước mắm cá loại I,"Fish sauce, grade I",67.9,28,7.1,0.0,0.0,25.0,387,2.70,0.00,,-,247,-,-,-,-,-
503,13016,Nước mắm loại II,"Fish sauce, grade II",66.8,21,5.2,0.0,0.0,28.0,314,1.90,0.0,,-,116,-,-,-,-,-
504,13017,Nước mắm cá,"Fish sauce, ready-to-serve",71.1,35,5.1,3.6,0.0,20.2,43,0.78,0.01,,0.230,7,288,7720,0.20,50,9.1
505,13018,Nước mắm cô,"Fish sauce, concentrated",20.2,131,32.8,0.0,0.0,47.0,-,-,0.0,,-,-,-,-,-,-,-
506,13019,Tương ngô,Soybean sauce with rice and maize,70.3,75,3.9,14.5,0.0,11.2,-,-,0.1,,-,-,-,-,-,-,-
507,13020,Tương nếp,Soybean sauce with glutinous rice,68.3,86,4.3,15.7,0.0,11.0,-,-,0.7,,-,-,-,-,-,-,-
508,13021,Tương ớt,Red pepper sauce concentrate,84.0,37,0.5,7.6,0.9,6.5,9,0.50,0.5,,-,16,564,25,0.15,87,0.2
509,13022,Xì dầu,Soybean sauce,70.8,53,6.3,6.8,0.8,15.3,19,1.93,0.04,,0.420,125,217,5637,0.52,104,0.5
510,13023,Sốt mayonnaise,Mayonnaise,21.7,701,0.0,0.1,0.0,0.4,7,0.23,77.8,,-,25,14,486,0.13,0,1.6
511,14001,"Bia (cồn: 4,5 g)","Beer light (4,5 % Alcohol)",92.5,11,0.5,2.3,0.0,0.2,6,0.10,0.0,,0.010,26,27,4,0.01,5,0.6
512,14002,Cô nhắc (cồn 32 g),Cognac,67.8,0,0.0,0.0,0.0,0.2,-,-,0.0,,-,-,-,-,-,-,-
513,14003,Cốc tai (cồn 13 g),"Cocktail, vermouth sweet",71.0,63,0.0,15.7,0.0,0.3,6,0.36,0.0,,-,6,-,-,-,-,-
514,14004,Coca cola,Coca Cola,89.4,42,0.0,10.4,0.0,0.2,8,0.00,0.0,,-,15,-,-,-,-,-
515,14005,Nước cam tươi,"Orange juice, fresh",94.1,23,0.7,4.5,0.2,0.3,26,0.30,0.2,,0.010,16,200,1,0.05,44,0.1
516,14006,Nước dừa non tươi,"Coconut milk, immature",94.4,21,0.4,4.8,0.0,0.4,60,0.30,0.0,,-,29,-,-,-,-,-
517,14007,Nước ép cà chua,Tomato juice,94.6,19,0.8,2.6,0.4,1.0,8,0.30,0.6,,0.070,13,229,269,0.15,61,0.3
518,14008,Nước khoáng,Mineral water,99.7,0,0.0,0.0,0.0,0.3,5,0.01,0.0,,-,0,-,-,-,-,-
519,14009,Nước quít tươi,Mandarins juice (fresh),93.8,24,0.4,5.1,0.2,0.3,20,0.20,0.2,,0.040,24,178,1,0.03,25,0.1
520,14010,"Rượu cam, chanh (cồn 24,2 g)","Liqueur, orange flavor",75.8,0,0.0,0.0,0.0,-,-,-,0.0,,-,-,-,-,-,-,-
521,14011,Rượu nếp (80g/ 24 ml) (cồn 5 g),Rice glutinous (Alcohol fermentation rice 80 g water 24 ml),52.4,167,4.0,37.7,0.2,0.7,-,-,0.0,,-,-,-,-,-,-,-
522,14012,Rượu trắng (cồn 39 g),Vodka,61.0,273,-,0.0,0.0,-,-,-,0.0,,-,-,-,-,-,-,-
523,14013,"Rượu vang đỏ (cồn 9,5 g)",Red wine,88.0,9,0.2,2.0,0.0,0.3,8,0.82,0.0,,-,10,-,-,-,-,-
524,14014,"Rượu vang trắng (cồn 9,5 g)",White wine,89.9,1,0.1,0.2,0.0,0.3,9,0.50,0.0,,0.020,6,61,4,0.06,40,0
525,14015,Rượu vang trắng ngọt (cồn 10.2 g),"White wine, sweet",83.4,24,0.2,5.9,0.0,0.3,14,0.58,0.0,,0.020,13,110,13,0.06,40,0
526,14016,"Rượu Whisky (cồn 35,2 g)",Whisky liqueur,64.7,0,0.0,0.0,0.0,0.1,2,-,0.0,,-,-,-,-,-,-,-